<?xml version="1.0" encoding="UTF-8" ?>
<!--
    Cloud Foundry
    Copyright (c) [2009-2014] Pivotal Software, Inc. All Rights Reserved.

    This product is licensed to you under the Apache License, Version 2.0 (the "License").
    You may not use this product except in compliance with the License.

    This product includes a number of subcomponents with
    separate copyright notices and license terms. Your use of these
    subcomponents is subject to the terms and conditions of the
    subcomponent's license, as noted in the LICENSE file.
-->

<beans xmlns="http://www.springframework.org/schema/beans"
       xmlns:security="http://www.springframework.org/schema/security"
       xmlns:xsi="http://www.w3.org/2001/XMLSchema-instance"
       xmlns:sec="http://www.springframework.org/schema/security"
       xmlns:util="http://www.springframework.org/schema/util"
       xsi:schemaLocation="http://www.springframework.org/schema/beans http://www.springframework.org/schema/beans/spring-beans-4.0.xsd
              http://www.springframework.org/schema/security http://www.springframework.org/schema/security/spring-security-4.0.xsd
              http://www.springframework.org/schema/util http://www.springframework.org/schema/util/spring-util.xsd">



    <bean id="ldapPooled" class="java.lang.Boolean">
        <constructor-arg value="false"/>
    </bean>

    <util:map id="initialLdapProperties">
        <entry key="com.sun.jndi.ldap.connect.pool" value-ref="ldapPooled" />
        <entry key="java.naming.referral" value="${ldap.base.referral:follow}"/>
    </util:map>

    <bean id="ldapPropertyProcessor" class="org.cloudfoundry.identity.uaa.provider.ldap.ProcessLdapProperties">
        <constructor-arg name="disableSslVerification" value="${ldap.ssl.skipverification:false}"/>
        <constructor-arg name="baseUrl" value="${ldap.base.url:ldap://localhost:389/dc=test,dc=com}"/>
    </bean>

    <bean id="ldapProperties" factory-bean="ldapPropertyProcessor" factory-method="process">
        <constructor-arg ref="initialLdapProperties"/>
    </bean>

    <bean id="ldapGroupMappingAuthorizationManager" class="org.cloudfoundry.identity.uaa.authorization.LdapGroupMappingAuthorizationManager">
        <property name="externalMembershipManager" ref="externalGroupMembershipManager" />
        <property name="scimGroupProvisioning" ref="scimGroupProvisioning" />
    </bean>

    <bean id="extendedLdapUserDetailsMapper" class="org.cloudfoundry.identity.uaa.provider.ldap.ExtendedLdapUserMapper">
        <property name="mailAttributeName" value="${ldap.base.mailAttributeName:mail}"/>
        <property name="givenNameAttributeName" value="${ldap.attributeMappings.first_name:givenname}"/>
        <property name="familyNameAttributeName" value="${ldap.attributeMappings.family_name:sn}"/>
        <property name="phoneNumberAttributeName" value="${ldap.attributeMappings.phone_number:telephonenumber}"/>
        <property name="mailSubstitute" value="${ldap.base.mailSubstitute:null}"/>
        <property name="mailSubstituteOverridesLdap" value="${ldap.base.mailSubstituteOverridesLdap:false}"/>
    </bean>

    <import resource="${ldap.profile.file:ldap/ldap-simple-bind.xml}" />
    <import resource="${ldap.groups.file:ldap/ldap-groups-null.xml}" />

    <security:authentication-manager id="ldapAuthenticationManager">
        <sec:authentication-provider ref="ldapAuthProvider"/>
    </security:authentication-manager>

</beans>