<?xml version="1.0" encoding="UTF-8"?>
<!--
    Cloud Foundry
    Copyright (c) [2009-2014] Pivotal Software, Inc. All Rights Reserved.

    This product is licensed to you under the Apache License, Version 2.0 (the "License").
    You may not use this product except in compliance with the License.

    This product includes a number of subcomponents with
    separate copyright notices and license terms. Your use of these
    subcomponents is subject to the terms and conditions of the
    subcomponent's license, as noted in the LICENSE file.

-->
<beans xmlns:xsi="http://www.w3.org/2001/XMLSchema-instance" xmlns="http://www.springframework.org/schema/beans"
    xmlns:sec="http://www.springframework.org/schema/security" xmlns:oauth="http://www.springframework.org/schema/security/oauth2"
    xmlns:util="http://www.springframework.org/schema/util"
    xsi:schemaLocation="http://www.springframework.org/schema/security/oauth2 http://www.springframework.org/schema/security/spring-security-oauth2-2.0.xsd
        http://www.springframework.org/schema/security http://www.springframework.org/schema/security/spring-security-4.0.xsd
        http://www.springframework.org/schema/beans http://www.springframework.org/schema/beans/spring-beans-4.0.xsd
        http://www.springframework.org/schema/util http://www.springframework.org/schema/util/spring-util-4.0.xsd">

    <sec:global-method-security pre-post-annotations="enabled" />

    <bean id="approvalStore" class="org.cloudfoundry.identity.uaa.approval.JdbcApprovalStore">
        <constructor-arg ref="jdbcTemplate" />
        <constructor-arg ref="jdbcPagingListFactory" />
        <constructor-arg ref="scimUserQueryConverter"/>
    </bean>

    <bean id="approvalsEndpoints" class="org.cloudfoundry.identity.uaa.approval.ApprovalsAdminEndpoints">
        <property name="uaaUserDatabase" ref="userDatabase" />
        <property name="approvalStore" ref="approvalStore" />
        <property name="statuses">
            <util:map id="exceptionToStatusMap" key-type="java.lang.Class" value-type="org.springframework.http.HttpStatus">
                <entry key="org.springframework.dao.DataIntegrityViolationException" value="BAD_REQUEST" />
                <entry key="org.springframework.http.converter.HttpMessageConversionException" value="BAD_REQUEST" />
                <entry key="org.springframework.web.HttpMediaTypeException" value="BAD_REQUEST" />
                <entry key="java.lang.IllegalArgumentException" value="BAD_REQUEST" />
                <entry key="java.lang.UnsupportedOperationException" value="BAD_REQUEST" />
                <entry key="org.springframework.jdbc.BadSqlGrammarException" value="BAD_REQUEST" />
            </util:map>
        </property>
        <property name="messageConverters">
            <bean class="org.cloudfoundry.identity.uaa.web.ExceptionReportHttpMessageConverter" />
        </property>
        <property name="clientDetailsService" ref="jdbcClientDetailsService" />
    </bean>

    <http name="approvalsSecurity" pattern="/approvals/**" create-session="stateless" authentication-manager-ref="emptyAuthenticationManager"
        entry-point-ref="oauthAuthenticationEntryPoint" access-decision-manager-ref="accessDecisionManager"  use-expressions="false"
        xmlns="http://www.springframework.org/schema/security">
        <intercept-url pattern="/**" access="scope=oauth.approvals" />
        <custom-filter ref="approvalsResourceAuthenticationFilter" position="PRE_AUTH_FILTER" />
        <access-denied-handler ref="oauthAccessDeniedHandler" />
        <csrf disabled="true"/>
    </http>

    <oauth:resource-server id="approvalsResourceAuthenticationFilter" token-services-ref="tokenServices"
        resource-id="oauth" entry-point-ref="oauthAuthenticationEntryPoint" />

</beans>