<?xml version="1.0" encoding="UTF-8" ?>
<!--
    Cloud Foundry
    Copyright (c) [2009-2014] Pivotal Software, Inc. All Rights Reserved.

    This product is licensed to you under the Apache License, Version 2.0 (the "License").
    You may not use this product except in compliance with the License.

    This product includes a number of subcomponents with
    separate copyright notices and license terms. Your use of these
    subcomponents is subject to the terms and conditions of the
    subcomponent's license, as noted in the LICENSE file.

-->
<beans xmlns:xsi="http://www.w3.org/2001/XMLSchema-instance" xmlns="http://www.springframework.org/schema/beans"
    xmlns:oauth="http://www.springframework.org/schema/security/oauth2"
    xsi:schemaLocation="http://www.springframework.org/schema/security/oauth2 http://www.springframework.org/schema/security/spring-security-oauth2-2.0.xsd
        http://www.springframework.org/schema/security http://www.springframework.org/schema/security/spring-security-4.0.xsd
        http://www.springframework.org/schema/beans http://www.springframework.org/schema/beans/spring-beans-4.0.xsd">

    <http name="userInfoSecurity" pattern="/userinfo" create-session="stateless" authentication-manager-ref="emptyAuthenticationManager"
        entry-point-ref="oauthAuthenticationEntryPoint" access-decision-manager-ref="accessDecisionManager"  use-expressions="false"
        xmlns="http://www.springframework.org/schema/security">
        <intercept-url pattern="/**" access="scope=openid" />
        <custom-filter ref="openidResourceAuthenticationFilter" position="PRE_AUTH_FILTER" />
        <access-denied-handler ref="oauthAccessDeniedHandler" />
        <csrf disabled="true"/>
    </http>

    <oauth:resource-server id="openidResourceAuthenticationFilter" token-services-ref="tokenServices"
        resource-id="openid" entry-point-ref="oauthAuthenticationEntryPoint" />

    <bean id="userInfoEndpoint" class="org.cloudfoundry.identity.uaa.account.UserInfoEndpoint">
        <property name="userDatabase" ref="userDatabase" />
    </bean>

</beans>
