<?xml version="1.0" encoding="UTF-8" ?>
<!--
    Cloud Foundry
    Copyright (c) [2009-2014] Pivotal Software, Inc. All Rights Reserved.

    This product is licensed to you under the Apache License, Version 2.0 (the "License").
    You may not use this product except in compliance with the License.

    This product includes a number of subcomponents with
    separate copyright notices and license terms. Your use of these
    subcomponents is subject to the terms and conditions of the
    subcomponent's license, as noted in the LICENSE file.

-->
<beans xmlns:xsi="http://www.w3.org/2001/XMLSchema-instance" xmlns="http://www.springframework.org/schema/beans"
    xsi:schemaLocation="http://www.springframework.org/schema/security http://www.springframework.org/schema/security/spring-security-4.0.xsd
		http://www.springframework.org/schema/beans http://www.springframework.org/schema/beans/spring-beans-4.0.xsd">

    <http name="checkTokenSecurity" pattern="/check_token" create-session="stateless" entry-point-ref="basicAuthenticationEntryPoint"
        authentication-manager-ref="clientAuthenticationManager" use-expressions="true"
        xmlns="http://www.springframework.org/schema/security">
        <intercept-url pattern="/**" access="hasAuthority('uaa.resource')" />
        <anonymous enabled="false" />
        <custom-filter ref="clientAuthenticationFilter" position="BASIC_AUTH_FILTER" />
        <access-denied-handler ref="oauthAccessDeniedHandler" />
        <csrf disabled="true"/>
    </http>

    <http name="tokenKeySecurity" pattern="/token_key**" create-session="stateless" entry-point-ref="basicAuthenticationEntryPoint"
        authentication-manager-ref="clientAuthenticationManager" use-expressions="true"
        xmlns="http://www.springframework.org/schema/security">
        <intercept-url pattern="/**" access="isAnonymous() or isFullyAuthenticated()" />
        <anonymous enabled="true" />
        <custom-filter ref="clientAuthenticationFilter" position="BASIC_AUTH_FILTER" />
        <access-denied-handler ref="oauthAccessDeniedHandler" />
        <csrf disabled="true"/>
    </http>

    <http name="clientInfoSecurity" pattern="/clientinfo" create-session="stateless" entry-point-ref="basicAuthenticationEntryPoint"
        authentication-manager-ref="clientAuthenticationManager" use-expressions="true"
        xmlns="http://www.springframework.org/schema/security">
        <intercept-url pattern="/**" access="isFullyAuthenticated()" />
        <anonymous enabled="false" />
        <custom-filter ref="clientAuthenticationFilter" position="BASIC_AUTH_FILTER" />
        <access-denied-handler ref="oauthAccessDeniedHandler" />
        <csrf disabled="true"/>
    </http>

    <bean id="checkTokenEndpoint" class="org.cloudfoundry.identity.uaa.oauth.CheckTokenEndpoint">
        <property name="tokenServices" ref="tokenServices" />
    </bean>

    <bean id="clientInfoEndpoint" class="org.cloudfoundry.identity.uaa.client.ClientInfoEndpoint">
        <property name="clientDetailsService" ref="jdbcClientDetailsService" />
    </bean>

</beans>
