<?xml version="1.0" encoding="UTF-8" ?>
<!--
  ~ /*******************************************************************************
  ~      Cloud Foundry
  ~      Copyright (c) [2009-2014] Pivotal Software, Inc. All Rights Reserved.
  ~
  ~      This product is licensed to you under the Apache License, Version 2.0 (the "License").
  ~      You may not use this product except in compliance with the License.
  ~
  ~      This product includes a number of subcomponents with
  ~      separate copyright notices and license terms. Your use of these
  ~      subcomponents is subject to the terms and conditions of the
  ~      subcomponent's license, as noted in the LICENSE file.
  ~ ********************************************************************************/
  -->

<beans xmlns="http://www.springframework.org/schema/beans"
       xmlns:xsi="http://www.w3.org/2001/XMLSchema-instance"
       xmlns:ldap="http://www.springframework.org/schema/ldap"
       xsi:schemaLocation="http://www.springframework.org/schema/beans http://www.springframework.org/schema/beans/spring-beans-4.0.xsd
       http://www.springframework.org/schema/ldap http://www.springframework.org/schema/ldap/spring-ldap.xsd">

    <bean id="contextSource" class="org.springframework.security.ldap.DefaultSpringSecurityContextSource">
        <constructor-arg value="${ldap.base.url:ldap://localhost:389/}" />
        <property name="baseEnvironmentProperties" ref="ldapProperties"/>
        <property name="pooled" ref="ldapPooled"/>
    </bean>

    <bean id="ldapAuthProvider" class="org.springframework.security.ldap.authentication.LdapAuthenticationProvider">
        <constructor-arg>
            <bean class="org.springframework.security.ldap.authentication.BindAuthenticator">
                <constructor-arg ref="contextSource" />
                <property name="userDnPatterns">
                    <bean class="org.springframework.util.StringUtils" factory-method="delimitedListToStringArray">
                        <constructor-arg type="java.lang.String"
                            value="${ldap.base.userDnPattern:cn={0},ou=Users,dc=test,dc=com}" />
                        <constructor-arg type="java.lang.String" value="${ldap.base.userDnPatternDelimiter:;}" />
                    </bean>
                </property>
            </bean>
        </constructor-arg>
        <constructor-arg ref="ldapAuthoritiesPopulator"/>
        <property name="authoritiesMapper" ref="ldapAuthoritiesMapper"/>
        <property name="userDetailsContextMapper" ref="extendedLdapUserDetailsMapper"/>
    </bean>

    <bean id="testLdapProfile" class="java.lang.String">
        <constructor-arg value="ldap-simple-bind.xml"/>
    </bean>
</beans>