<?xml version="1.0" encoding="UTF-8" ?>
<!--
  ~ /*******************************************************************************
  ~      Cloud Foundry
  ~      Copyright (c) [2009-2014] Pivotal Software, Inc. All Rights Reserved.
  ~
  ~      This product is licensed to you under the Apache License, Version 2.0 (the "License").
  ~      You may not use this product except in compliance with the License.
  ~
  ~      This product includes a number of subcomponents with
  ~      separate copyright notices and license terms. Your use of these
  ~      subcomponents is subject to the terms and conditions of the
  ~      subcomponent's license, as noted in the LICENSE file.
  ~ ********************************************************************************/
  -->

<beans xmlns="http://www.springframework.org/schema/beans"
       xmlns:xsi="http://www.w3.org/2001/XMLSchema-instance" xmlns:ldap="http://www.springframework.org/schema/ldap"
       xsi:schemaLocation="http://www.springframework.org/schema/beans http://www.springframework.org/schema/beans/spring-beans-4.0.xsd http://www.springframework.org/schema/ldap http://www.springframework.org/schema/ldap/spring-ldap.xsd">

    <bean id="contextSource" class="org.springframework.security.ldap.DefaultSpringSecurityContextSource">
        <constructor-arg value="${ldap.base.url:ldap://localhost:389/dc=test,dc=com}" />
        <property name="userDn" value="${ldap.base.userDn:cn=admin,ou=Users,dc=test,dc=com}" />
        <property name="password" value="${ldap.base.password:adminsecret}" />
        <property name="baseEnvironmentProperties" ref="ldapProperties"/>
        <property name="pooled" ref="ldapPooled"/>
    </bean>

    <bean id="ldapAuthProvider" class="org.springframework.security.ldap.authentication.LdapAuthenticationProvider">
        <constructor-arg>
            <bean class="org.cloudfoundry.identity.uaa.provider.ldap.PasswordComparisonAuthenticator">
                <constructor-arg ref="contextSource" />
                <property name="userSearch">
                    <bean id="userSearch" class="org.springframework.security.ldap.search.FilterBasedLdapUserSearch">
                        <constructor-arg index="0" value="${ldap.base.searchBase:dc=test,dc=com}" />
                        <constructor-arg index="1" value="${ldap.base.searchFilter:cn={0}}" />
                        <constructor-arg index="2" ref="contextSource" />
                    </bean>
                </property>
                <property name="passwordAttributeName" value="${ldap.base.passwordAttributeName:userPassword}" />
                <property name="passwordEncoder">
                    <bean id="ldapPasswordEncoder"
                        class="${ldap.base.passwordEncoder:org.cloudfoundry.identity.uaa.provider.ldap.DynamicPasswordComparator}">
                    </bean>
                </property>
                <property name="localCompare" value="${ldap.base.localPasswordCompare:true}" />
            </bean>
        </constructor-arg>
        <constructor-arg ref="ldapAuthoritiesPopulator"/>
        <property name="authoritiesMapper" ref="ldapAuthoritiesMapper"/>
        <property name="userDetailsContextMapper" ref="extendedLdapUserDetailsMapper"/>
    </bean>

    <bean id="testLdapProfile" class="java.lang.String">
        <constructor-arg value="ldap-search-and-compare.xml"/>
    </bean>

</beans>