<?xml version="1.0" encoding="UTF-8" ?>
<!--
  ~ /*******************************************************************************
  ~      Cloud Foundry
  ~      Copyright (c) [2009-2014] Pivotal Software, Inc. All Rights Reserved.
  ~
  ~      This product is licensed to you under the Apache License, Version 2.0 (the "License").
  ~      You may not use this product except in compliance with the License.
  ~
  ~      This product includes a number of subcomponents with
  ~      separate copyright notices and license terms. Your use of these
  ~      subcomponents is subject to the terms and conditions of the
  ~      subcomponent's license, as noted in the LICENSE file.
  ~ ********************************************************************************/
  -->

<beans xmlns="http://www.springframework.org/schema/beans"
       xmlns:xsi="http://www.w3.org/2001/XMLSchema-instance"
       xmlns:util="http://www.springframework.org/schema/util"
       xsi:schemaLocation="
       http://www.springframework.org/schema/beans http://www.springframework.org/schema/beans/spring-beans-4.0.xsd
       http://www.springframework.org/schema/util http://www.springframework.org/schema/util/spring-util-4.0.xsd">

    <bean id="ldapAuthoritiesPopulator"
          class="org.cloudfoundry.identity.uaa.provider.ldap.extension.NestedLdapAuthoritiesPopulator">
        <constructor-arg ref="contextSource"/>
        <constructor-arg value="${ldap.groups.searchBase:ou=scopes,dc=test,dc=com}"/>
        <property name="groupRoleAttribute" ref="configuredGroupRoleAttribute"/>
        <property name="searchSubtree" value="${ldap.groups.searchSubtree:true}"/>
        <property name="rolePrefix" value=""/>
        <property name="convertToUpperCase" value="false"/>
        <!-- http://stackoverflow.com/questions/5163597/is-there-a-spring-security-defaultldapauthoritiespopulator-implementation-that-s -->
        <property name="groupSearchFilter" value="${ldap.groups.groupSearchFilter:member={0}}"/>
        <property name="maxSearchDepth" value="${ldap.groups.maxSearchDepth:10}"/>
        <property name="attributeNames">
            <util:set>
                <value>cn</value>
            </util:set>
        </property>
        <property name="ignorePartialResultException" value="${ldap.groups.ignorePartialResultException:true}"/>
    </bean>

</beans>